{
    "ret":true,
    "data": {
        "itemList":[{
            "id":"0001",
            "imgUrl":"./../static/mock/slideshow.jfif",
            "text":"原生JavaScript写'轮播图'",
            "intro":"这是一个使用原生JavaScript写的轮播图"
        },{
            "id":"0002",
            "imgUrl":"./../static/mock/img4.jpg",
            "text":"原生JavaScript写'选项卡'",
            "intro":"原生JavaScript写选项卡"
        },{
            "id":"0003",
            "imgUrl":"./../static/mock/img2.jpg",
            "text":"使用Bootstrap写'轮播图'",
            "intro":"使用Bootstrap写轮播图"
        },{
            "id":"0004",
            "imgUrl":"./../static/mock/img3.jpg",
            "text":"使用Bootstrap写'选项卡'",
            "intro":"使用Bootstrap写'选项卡'"
        }],
        "swiperList":[{
            "id":"0001",
            "imgUrl":"./../static/mock/img1.jpg"
        },{
            "id":"0002",
            "imgUrl":"./../static/mock/img2.jpg"
        },{
            "id":"0003",
            "imgUrl":"./../static/mock/img3.jpg"
        }],
        "demoList":[{
            "id":"0001",
            "imgUrl":"./../static/mock/qunar.jfif",
            "goto":"./qunar/qunar.html",
            "text":"移动端'去哪儿'网站"
        }]
    }

}